{"cameraMode":{"drawMode":0,"name":"Shaded","section":"Shading Mode"},"sceneLighting":true,"audioPlay":false,"sceneViewState":{"m_AlwaysRefresh":false,"showFog":true,"showSkybox":true,"showFlares":true,"showImageEffects":true,"showParticleSystems":true,"showVisualEffectGraphs":true,"m_FxEnabled":true},"in2DMode":false,"pivot":{"x":-13.963940620422364,"y":-11.299399375915528,"z":-4.694912910461426},"rotation":{"x":0.04796246811747551,"y":-0.02846308797597885,"z":0.0013672701315954328,"w":0.9984449148178101},"size":15.283897399902344,"orthographic":true}