{"cameraMode":{"drawMode":0,"name":"Shaded","section":"Shading Mode"},"sceneLighting":true,"audioPlay":false,"sceneViewState":{"m_AlwaysRefresh":false,"showFog":true,"showSkybox":true,"showFlares":true,"showImageEffects":true,"showParticleSystems":true,"showVisualEffectGraphs":true,"m_FxEnabled":true},"in2DMode":false,"pivot":{"x":11.937690734863282,"y":-14.652973175048829,"z":8.939521789550782},"rotation":{"x":0.0008999025449156761,"y":-0.017400244250893594,"z":0.000015047630768094677,"w":0.9998515844345093},"size":18.111141204833986,"orthographic":true}